user_id,order_date
5962,7/14/14
7228,6/22/14
10334,5/18/14
3772,8/4/14
3630,6/27/14
2824,5/27/14
3304,6/10/14
9728,7/22/14
5744,6/19/14
9078,8/1/14
5306,6/24/14
10764,6/22/14
10546,7/17/14
4600,5/31/14
7424,6/28/14
9520,6/13/14
1586,6/19/14
9984,8/1/14
5748,7/15/14
2340,7/1/14
8352,6/25/14
2400,6/22/14
3400,7/26/14
7566,8/4/14
5740,7/8/14
4776,8/9/14
1050,8/2/14
9748,5/30/14
4768,7/29/14
8568,7/24/14
2470,6/24/14
7082,7/20/14
1440,6/10/14
10502,6/30/14
9706,8/9/14
1452,7/20/14
10520,6/6/14
3614,6/28/14
10588,8/15/14
7262,7/19/14
3140,7/15/14
7520,8/1/14
8688,7/14/14
4352,7/8/14
1208,6/27/14
8090,7/22/14
2026,7/20/14
9724,7/26/14
7350,7/12/14
3300,6/3/14
2496,7/26/14
10614,5/17/14
2052,5/21/14
10168,5/17/14
9526,7/19/14
6700,7/28/14
1306,6/18/14
5578,6/29/14
6210,7/14/14
3240,7/31/14
10858,6/20/14
9566,8/4/14
6608,6/18/14
6090,7/9/14
5634,6/4/14
6286,8/1/14
8664,8/9/14
8856,8/4/14
3670,5/30/14
5892,8/15/14
7900,5/30/14
6510,8/6/14
4504,8/3/14
10004,5/30/14
10628,7/3/14
5644,7/26/14
5156,5/23/14
3696,7/10/14
7194,8/9/14
7984,7/22/14
2896,6/26/14
5102,6/22/14
10474,7/1/14
10600,6/4/14
9808,6/5/14
4248,7/21/14
6258,5/21/14
2242,6/29/14
1078,5/30/14
10118,6/26/14
10786,8/15/14
1550,5/17/14
4374,5/27/14
1946,5/30/14
9562,8/6/14
10166,7/7/14
9666,6/17/14
5918,8/12/14
3004,7/10/14
3302,8/11/14
5446,6/5/14
2122,8/4/14
7070,8/15/14
3944,8/6/14
10320,8/1/14
6296,5/23/14
9496,7/30/14
10496,6/27/14
9540,7/2/14
2614,7/29/14
1964,7/6/14
3616,7/8/14
7712,7/8/14
2926,6/17/14
10444,7/7/14
5824,6/1/14
2858,6/1/14
8374,6/4/14
7730,6/20/14
7870,7/23/14
3342,7/28/14
3780,5/28/14
10566,5/27/14
9762,6/4/14
8664,6/15/14
4222,6/6/14
1666,6/3/14
7808,7/16/14
6428,5/30/14
7080,6/10/14
2182,7/12/14
6350,6/16/14
6542,7/10/14
8354,5/29/14
6286,7/25/14
8584,8/5/14
3906,8/15/14
9164,6/9/14
1222,7/6/14
8262,5/28/14
7794,7/19/14
5016,7/11/14
3402,5/20/14
6058,6/14/14
4210,7/16/14
4058,5/25/14
9840,8/6/14
7920,7/30/14
9040,8/12/14
5696,8/12/14
8576,8/1/14
1900,8/11/14
6958,5/24/14
2404,8/3/14
6850,8/1/14
7390,7/7/14
3268,6/21/14
8126,7/31/14
7330,8/11/14
1650,5/30/14
10180,7/11/14
2030,7/21/14
7782,7/17/14
2652,7/3/14
2988,7/5/14
8830,6/13/14
7758,6/21/14
6914,6/30/14
6358,6/5/14
10018,8/8/14
6510,7/15/14
2048,8/3/14
1416,7/1/14
4408,6/7/14
1440,6/23/14
4574,7/14/14
6534,8/6/14
4632,7/28/14
7718,7/7/14
1536,7/1/14
8486,6/6/14
3926,7/9/14
1254,7/23/14
2022,5/18/14
10458,6/18/14
7108,5/27/14
3704,5/20/14
1138,8/6/14
5552,6/6/14
10170,6/5/14
2654,6/27/14
10298,6/13/14
8392,6/16/14
9284,7/6/14
6062,7/16/14
9826,8/7/14
2134,8/8/14
9126,7/5/14
7126,5/25/14
7774,7/5/14
10954,6/19/14
2990,7/2/14
9170,5/28/14
10832,8/13/14
2768,7/8/14
6376,5/17/14
9116,5/28/14
4156,6/20/14
4534,6/27/14
8512,7/11/14
9038,7/19/14
4844,7/7/14
6296,6/25/14
1338,5/20/14
1268,5/23/14
3818,7/11/14
1908,8/6/14
7772,6/1/14
4150,6/10/14
9990,5/23/14
5402,7/5/14
3904,7/28/14
8384,6/25/14
1196,5/21/14
6056,8/2/14
4464,6/13/14
5362,8/4/14
2088,6/28/14
2322,6/25/14
10970,8/4/14
5928,6/19/14
3396,7/10/14
7962,6/19/14
1512,6/26/14
7944,6/17/14
9684,8/15/14
6050,7/30/14
5910,8/11/14
4164,6/26/14
1650,5/17/14
2596,6/27/14
1074,7/5/14
7378,8/15/14
2382,8/3/14
5422,7/16/14
8248,5/17/14
6708,7/7/14
6012,7/31/14
2148,7/6/14
2058,5/31/14
10818,7/28/14
9508,6/7/14
4618,5/23/14
3544,6/6/14
10064,7/9/14
10678,5/20/14
5512,7/5/14
1756,5/30/14
3200,6/26/14
9514,6/22/14
4800,8/8/14
9562,8/2/14
4396,6/23/14
4346,6/5/14
2706,7/12/14
5388,6/22/14
1606,8/2/14
1438,5/26/14
7988,7/17/14
5124,6/21/14
3930,5/29/14
9778,7/1/14
8798,8/10/14
4796,5/30/14
6976,7/26/14
4784,5/29/14
8876,6/4/14
1276,6/1/14
8994,7/19/14
1984,5/19/14
10568,7/23/14
4208,6/25/14
3636,7/2/14
1902,7/29/14
10246,8/15/14
4770,7/6/14
9254,8/14/14
2712,5/20/14
2010,7/14/14
10328,8/10/14
4666,7/1/14
7566,6/17/14
5152,7/13/14
6106,6/15/14
7010,8/6/14
9826,8/1/14
6468,6/21/14
4626,7/30/14
4816,7/22/14
10898,6/30/14
2298,8/11/14
2888,7/6/14
6716,8/15/14
1992,6/11/14
9378,6/22/14
2418,6/29/14
3592,6/12/14
5372,5/27/14
5718,7/19/14
9122,6/21/14
10268,8/3/14
9028,7/24/14
2234,7/6/14
5538,7/4/14
3214,7/5/14
4200,7/17/14
8910,7/7/14
7542,7/20/14
5236,6/13/14
7318,8/7/14
5162,6/2/14
8804,6/6/14
4540,6/7/14
10746,8/2/14
7932,8/14/14
2082,7/18/14
1012,6/28/14
10568,5/28/14
8926,8/2/14
8290,6/19/14
9592,7/20/14
4176,7/19/14
2568,6/5/14
8586,8/12/14
4816,6/9/14
1952,7/30/14
10088,5/17/14
2268,6/6/14
9966,7/13/14
5040,8/2/14
2286,6/15/14
1258,7/31/14
1238,7/25/14
3598,8/2/14
7584,7/2/14
9970,6/9/14
8482,7/31/14
1966,6/11/14
2438,7/7/14
4258,7/24/14
9660,5/18/14
3630,5/26/14
7624,8/15/14
9140,5/20/14
1644,6/28/14
2148,8/1/14
9626,7/4/14
3448,6/4/14
9496,6/11/14
4370,8/2/14
3154,5/17/14
2990,6/13/14
1030,7/26/14
6880,7/15/14
5152,6/18/14
4730,8/8/14
2870,6/16/14
1112,7/30/14
10950,7/21/14
10864,6/27/14
10084,5/20/14
10790,6/16/14
2714,8/5/14
3612,7/29/14
7642,8/3/14
1470,5/23/14
5002,8/15/14
9482,6/15/14
6226,7/25/14
4710,8/12/14
7618,5/28/14
6080,5/22/14
1036,8/6/14
4484,5/18/14
4502,6/16/14
1566,7/30/14
3006,5/24/14
10678,6/20/14
7356,6/11/14
5216,8/3/14
7290,7/2/14
7274,7/28/14
2056,6/28/14
8292,6/5/14
5938,6/18/14
7448,8/7/14
4272,5/27/14
6278,7/5/14
3906,8/3/14
2584,6/5/14
1698,6/28/14
10752,7/18/14
5682,7/26/14
7680,8/14/14
5516,6/17/14
4460,6/5/14
10436,8/13/14
5498,5/21/14
9932,7/17/14
8190,6/16/14
3606,7/13/14
9756,6/15/14
4060,5/29/14
8220,7/30/14
2696,6/10/14
6014,6/21/14
3150,8/4/14
9256,7/5/14
1880,7/5/14
6802,6/5/14
8814,7/29/14
8604,7/26/14
10314,7/6/14
7316,8/1/14
7598,6/19/14
1504,7/5/14
10474,7/9/14
8936,7/8/14
1390,7/1/14
2688,5/28/14
4884,5/29/14
7850,7/22/14
10772,8/11/14
5330,8/2/14
8496,7/19/14
10916,7/26/14
1568,6/25/14
4956,6/15/14
1758,7/24/14
5426,7/13/14
9924,6/7/14
1954,7/30/14
7072,5/20/14
8862,6/27/14
8190,8/2/14
7718,6/6/14
7568,8/10/14
10710,6/3/14
3416,6/19/14
7370,7/23/14
8658,6/7/14
3232,6/11/14
9426,5/22/14
1076,7/5/14
2038,6/11/14
2736,6/5/14
6672,6/29/14
3224,7/5/14
4338,8/4/14
6324,8/4/14
4662,8/15/14
4778,6/4/14
1682,6/25/14
1210,6/13/14
9608,7/6/14
2400,7/6/14
10898,6/5/14
8396,7/26/14
4402,7/1/14
3172,6/8/14
5020,6/25/14
10216,7/26/14
10956,8/10/14
8658,8/14/14
10068,6/1/14
5198,7/18/14
6968,6/6/14
4744,6/4/14
5122,7/14/14
3106,6/3/14
2044,7/1/14
1948,7/12/14
9656,7/2/14
8092,8/8/14
7032,5/29/14
7574,5/24/14
5616,6/26/14
3710,6/21/14
3310,7/30/14
5658,6/2/14
8120,8/1/14
8618,5/31/14
4612,6/29/14
2674,7/25/14
7222,6/2/14
3770,8/11/14
3832,6/13/14
6654,7/15/14
1670,7/9/14
7740,7/2/14
6954,8/10/14
10656,7/11/14
8098,6/4/14
10830,5/20/14
4078,8/9/14
6116,7/1/14
7338,8/13/14
4996,7/30/14
1816,6/22/14
2100,6/24/14
9434,7/5/14
7160,7/2/14
8776,6/30/14
10076,7/7/14
10764,6/25/14
4124,7/30/14
6910,5/31/14
8102,7/13/14
2376,7/17/14
6542,7/20/14
2676,7/29/14
2106,8/1/14
10330,8/4/14
1224,6/17/14
3996,8/3/14
5754,6/22/14
3436,6/20/14
6740,5/30/14
8152,5/30/14
2226,6/17/14
2010,7/29/14
8400,7/26/14
3214,6/25/14
3722,7/1/14
6936,6/30/14
6516,6/6/14
1872,8/7/14
9192,8/1/14
8460,5/30/14
10022,8/4/14
4326,7/1/14
9138,5/23/14
7450,8/4/14
8130,8/1/14
8538,7/31/14
2608,5/18/14
10514,6/4/14
9284,7/30/14
10112,5/20/14
10304,6/5/14
7956,7/28/14
4364,6/20/14
7994,8/4/14
4726,7/7/14
8888,7/17/14
4484,8/7/14
2860,6/22/14
3830,6/22/14
7420,7/1/14
10950,5/29/14
3422,6/28/14
8446,6/5/14
6134,5/27/14
5964,6/12/14
10576,8/2/14
3522,6/13/14
1468,8/6/14
3786,5/23/14
5626,8/11/14
7156,6/14/14
4616,5/31/14
5912,6/14/14
2078,8/5/14
5858,8/6/14
5450,6/20/14
6734,7/25/14
7020,8/13/14
6508,6/1/14
7230,8/9/14
8618,8/8/14
8602,7/16/14
6896,6/1/14
10524,6/20/14
5316,7/20/14
6426,7/1/14
9390,7/11/14
7220,7/26/14
4204,5/27/14
1886,6/29/14
4736,6/27/14
9746,6/13/14
10840,7/22/14
6608,7/24/14
10650,6/21/14
4310,7/30/14
9394,6/5/14
5416,8/2/14
2812,8/3/14
6430,6/14/14
2880,5/23/14
2786,7/17/14
9788,8/13/14
10232,7/31/14
1596,6/19/14
1034,6/5/14
9484,6/10/14
6928,8/4/14
7852,5/24/14
7250,8/15/14
2208,6/12/14
6760,7/1/14
7748,8/2/14
4848,6/25/14
2922,7/21/14
1272,8/15/14
2614,6/16/14
9896,7/24/14
1138,6/19/14
10074,8/5/14
3184,7/8/14
2270,7/21/14
7052,7/6/14
9090,6/25/14
4730,6/21/14
8766,8/3/14
8532,7/6/14
10524,7/21/14
7500,5/21/14
9540,7/9/14
3158,6/3/14
10372,8/13/14
6036,8/11/14
3014,6/23/14
4276,7/13/14
2998,6/20/14
1788,6/21/14
4374,7/28/14
6894,7/1/14
6332,7/31/14
5938,7/23/14
2224,6/5/14
3452,7/21/14
3654,7/7/14
9932,6/19/14
1318,8/6/14
6338,7/24/14
8034,8/15/14
10010,7/22/14
8484,6/15/14
6326,8/14/14
7162,7/11/14
5404,6/28/14
1090,6/17/14
8514,5/25/14
9742,6/5/14
4450,6/30/14
1284,6/16/14
5064,6/10/14
2084,8/15/14
6414,6/20/14
8556,8/10/14
4166,5/20/14
5274,5/21/14
9048,8/6/14
9118,6/13/14
9062,7/21/14
9006,6/29/14
2414,7/18/14
4834,6/7/14
10478,7/26/14
8116,7/27/14
9488,6/27/14
3144,5/29/14
6242,6/1/14
9068,6/16/14
4322,7/5/14
2286,6/27/14
6766,8/4/14
7468,8/6/14
7522,7/18/14
2848,8/4/14
3222,7/3/14
6680,7/29/14
4892,7/15/14
10378,6/3/14
9602,5/21/14
1506,7/24/14
1100,5/26/14
5112,6/25/14
9484,8/10/14
1526,6/4/14
2504,7/31/14
2036,8/15/14
1116,7/15/14
6536,8/6/14
1958,6/13/14
2746,7/3/14
2282,7/1/14
9560,8/13/14
2918,7/6/14
7150,7/14/14
8548,7/11/14
7208,8/12/14
9842,6/5/14
7008,6/20/14
3762,6/11/14
10280,8/8/14
2218,6/30/14
5314,6/16/14
1370,6/20/14
10264,7/3/14
6926,7/25/14
8298,7/30/14
3348,5/20/14
3506,8/15/14
7868,7/5/14
7152,7/20/14
2118,6/23/14
1192,6/29/14
9326,6/20/14
10522,6/6/14
2558,5/21/14
8138,7/20/14
8392,8/7/14
10414,7/4/14
6260,6/18/14
10784,6/11/14
2746,8/15/14
5304,8/12/14
10792,6/22/14
5724,6/5/14
8804,8/11/14
6404,7/22/14
2464,6/7/14
10356,7/23/14
6484,6/24/14
4538,7/2/14
10528,7/22/14
4510,5/28/14
6660,8/15/14
7650,6/29/14
3466,7/9/14
10266,7/26/14
10876,6/2/14
9886,8/11/14
2658,5/25/14
6168,7/5/14
6602,7/23/14
10458,7/16/14
9378,8/13/14
7384,6/5/14
8970,5/17/14
5646,6/3/14
1164,7/12/14
8756,7/10/14
1572,7/27/14
5146,6/1/14
6480,5/23/14
9904,5/19/14
4542,7/13/14
10732,6/28/14
3876,8/15/14
4396,8/8/14
8668,5/22/14
4866,6/14/14
10754,6/6/14
4016,8/8/14
1564,7/23/14
9770,6/27/14
7646,7/31/14
10696,7/7/14
8304,5/30/14
7620,6/22/14
10134,7/30/14
7236,7/4/14
4912,8/13/14
1806,6/19/14
9776,6/10/14
8664,8/6/14
8954,6/23/14
6026,7/25/14
1408,5/22/14
10446,5/29/14
3120,7/10/14
1804,8/15/14
3432,7/21/14
2642,7/9/14
6406,7/11/14
9514,6/30/14
6526,7/5/14
5318,7/21/14
3014,8/2/14
2452,6/5/14
5400,8/15/14
1380,6/2/14
10642,6/6/14
4322,8/12/14
7692,6/16/14
9154,6/3/14
6958,7/30/14
5578,6/6/14
6268,7/25/14
4324,8/10/14
3698,8/8/14
7242,5/17/14
7982,5/18/14
7386,7/25/14
3564,7/5/14
3882,7/12/14
2146,6/16/14
7338,6/17/14
3550,6/4/14
3962,7/16/14
5578,6/16/14
6232,7/22/14
3636,8/12/14
1490,7/2/14
9298,5/30/14
10762,7/4/14
7026,6/24/14
4966,7/20/14
4718,8/8/14
10772,5/19/14
3996,7/6/14
8596,8/15/14
1444,6/11/14
8456,7/17/14
2590,5/21/14
7036,5/19/14
6740,6/5/14
4540,8/6/14
10236,8/2/14
2700,8/8/14
3752,7/11/14
3792,8/13/14
1504,6/20/14
6754,7/10/14
1076,8/6/14
2330,6/14/14
9558,8/5/14
10338,8/13/14
5778,6/16/14
6924,5/27/14
9778,6/29/14
4184,6/1/14
3396,7/26/14
10402,8/9/14
2288,7/1/14
6460,7/28/14
1348,6/9/14
9350,7/8/14
9608,6/8/14
6270,6/19/14
3736,7/3/14
1126,8/8/14
9406,6/27/14
5486,6/9/14
8750,8/11/14
8320,7/12/14
2402,6/10/14
10730,7/13/14
2148,5/26/14
1492,8/3/14
2954,6/8/14
5166,8/5/14
7312,7/28/14
4542,6/5/14
10444,6/19/14
9682,7/8/14
7192,7/19/14
5704,8/6/14
5812,8/6/14
1976,7/5/14
1556,8/1/14
10222,6/5/14
2422,5/23/14
10536,6/25/14
9394,8/15/14
4572,7/8/14
1214,7/12/14
3116,7/18/14
7826,8/15/14
1826,6/10/14
8330,8/6/14
9684,6/28/14
3350,5/26/14
7866,5/17/14
6144,8/10/14
2536,7/2/14
9696,8/6/14
1232,6/3/14
6362,5/29/14
5696,8/10/14
7706,7/1/14
6716,6/25/14
6172,7/6/14
1258,7/15/14
10894,7/11/14
7210,6/15/14
1152,5/17/14
3808,8/1/14
8868,7/4/14
6328,8/15/14
7974,7/4/14
6534,7/11/14
4076,5/22/14
6512,5/28/14
10542,6/5/14
3124,6/6/14
6490,8/3/14
6140,5/23/14
1518,7/1/14
10804,6/7/14
2360,7/16/14
8986,6/20/14
7936,6/28/14
6286,6/3/14
8586,7/2/14
9654,8/2/14
8388,5/18/14
10676,8/12/14
9148,7/10/14
1992,7/10/14
1952,8/13/14
7294,6/19/14
6050,7/19/14
7496,6/27/14
1780,7/31/14
2996,7/5/14
4650,8/13/14
9776,7/20/14
5250,7/25/14
8412,6/4/14
8734,8/10/14
7478,6/24/14
8842,7/3/14
5708,8/7/14
8914,5/28/14
5086,8/7/14
7180,7/21/14
1194,5/29/14
1504,7/18/14
8978,7/23/14
2774,5/21/14
1546,8/11/14
6228,8/12/14
3798,8/9/14
4554,7/31/14
7712,6/4/14
6294,8/1/14
1564,7/27/14
2924,8/14/14
1430,7/19/14
7944,7/4/14
3284,7/17/14
8692,5/17/14
8922,8/14/14
5294,5/29/14
8580,7/7/14
7202,7/12/14
4696,6/30/14
6386,8/11/14
1860,8/11/14
6284,7/19/14
5224,6/28/14
8434,7/21/14
5904,7/28/14
3514,7/21/14
7924,5/25/14
6948,8/9/14
6630,7/8/14
4342,7/1/14
1688,5/22/14
3342,8/1/14
8064,8/13/14
10336,7/22/14
1196,7/9/14
10080,5/24/14
2172,6/15/14
2582,7/2/14
8260,8/8/14
9844,6/7/14
9124,5/17/14
1014,7/4/14
7842,7/7/14
2220,7/5/14
10240,6/27/14
8086,6/10/14
10802,6/6/14
2868,8/3/14
8040,7/25/14
5150,7/5/14
2828,6/11/14
8512,6/4/14
5306,8/2/14
3590,8/5/14
4502,6/3/14
2380,7/1/14
10450,8/10/14
8036,5/31/14
1746,7/25/14
9140,8/9/14
9652,6/28/14
7076,8/7/14
4604,6/28/14
6294,7/19/14
8504,7/10/14
4112,8/9/14
4594,7/1/14
2482,7/9/14
9090,7/31/14
8426,8/14/14
10120,6/5/14
1772,7/19/14
6164,8/15/14
9166,5/19/14
5758,7/30/14
1430,6/19/14
4284,6/27/14
9014,7/5/14
6444,7/7/14
1396,8/15/14
4084,8/13/14
10710,7/31/14
10848,6/16/14
9906,6/16/14
5308,6/28/14
6080,6/27/14
5586,6/5/14
3630,5/23/14
6108,6/22/14
1100,8/12/14
6028,7/18/14
3912,5/19/14
1596,8/2/14
6584,7/19/14
2160,6/26/14
7974,6/13/14
8522,7/23/14
6362,7/20/14
8974,6/25/14
9244,7/18/14
10036,6/11/14
4738,7/20/14
8836,8/15/14
1110,8/10/14
3664,8/2/14
8828,5/30/14
5316,5/22/14
5750,6/23/14
10326,8/10/14
7206,6/25/14
1584,7/20/14
4348,7/27/14
2820,5/20/14
10042,7/13/14
6362,8/7/14
6944,8/7/14
6604,6/2/14
8310,6/7/14
10572,6/6/14
9228,5/23/14
6270,5/20/14
5900,6/6/14
1430,6/16/14
5792,6/20/14
8976,5/17/14
5450,8/4/14
5888,7/9/14
7408,7/21/14
7218,6/10/14
10586,7/22/14
1830,8/15/14
5710,6/15/14
8062,6/12/14
1668,6/2/14
7404,5/19/14
3622,5/23/14
5538,7/25/14
3614,6/11/14
4736,7/14/14
6966,8/5/14
5418,6/26/14
1060,7/5/14
6220,7/28/14
3360,8/9/14
1074,6/15/14
6370,5/18/14
3628,7/20/14
7086,6/26/14
9160,7/1/14
8268,7/23/14
4280,6/22/14
7790,8/11/14
7552,6/27/14
6354,6/11/14
7132,7/4/14
10798,5/24/14
5144,6/20/14
8370,5/21/14
1150,6/7/14
7726,7/13/14
9012,6/13/14
1412,7/8/14
4716,7/22/14
6974,6/19/14
4700,6/6/14
1976,6/8/14
5618,6/15/14
5882,7/29/14
5202,7/17/14
10248,7/15/14
9790,7/14/14
7828,7/22/14
3750,6/27/14
9150,6/12/14
7174,6/28/14
5156,7/29/14
2792,6/5/14
3740,5/20/14
4774,7/1/14
6222,7/2/14
7360,7/12/14
9448,6/24/14
8646,5/23/14
8298,6/15/14
1714,6/10/14
2998,7/5/14
2148,6/16/14
6470,6/3/14
4378,7/1/14
2392,8/6/14
5774,6/12/14
3284,6/5/14
10682,7/31/14
10482,7/4/14
10310,5/31/14
3076,6/10/14
4544,6/14/14
5686,7/4/14
9296,8/2/14
8940,7/25/14
10014,6/1/14
2234,6/3/14
5978,7/14/14
9974,8/13/14
1582,7/7/14
9360,7/14/14
10494,8/2/14
7572,6/5/14
1048,5/31/14
10014,6/14/14
9108,8/2/14
6078,7/17/14
5034,7/28/14
7406,8/12/14
10338,5/21/14
4226,7/19/14
5984,6/15/14
7194,7/30/14
1804,7/2/14
9440,6/25/14
5762,6/29/14
8430,8/12/14
7520,7/1/14
4852,7/18/14
3052,6/3/14
3490,6/15/14
6736,6/4/14
2746,7/10/14
2226,6/7/14
10616,7/12/14
3470,7/26/14
9582,7/18/14
10052,6/4/14
7622,7/18/14
5088,5/20/14
8832,7/16/14
10194,6/4/14
4440,6/10/14
9926,7/21/14
2192,7/11/14
7078,5/21/14
2194,6/23/14
7148,6/28/14
9416,6/27/14
6972,7/16/14
4578,6/16/14
1370,6/17/14
6714,6/11/14
6192,8/6/14
10756,8/9/14
5170,7/2/14
1982,8/6/14
5840,6/26/14
6598,6/28/14
2916,6/5/14
6668,5/20/14
6870,8/2/14
8110,6/9/14
9132,6/15/14
1336,8/6/14
4910,8/9/14
6532,7/5/14
5494,6/6/14
9210,6/5/14
5506,8/8/14
6850,6/4/14
3172,8/8/14
7896,8/2/14
4162,8/2/14
4388,5/29/14
4748,7/31/14
6266,7/7/14
1374,8/15/14
6798,5/25/14
10500,7/5/14
5196,6/13/14
10872,8/10/14
3242,7/4/14
8198,6/24/14
8914,6/4/14
5966,7/1/14
10384,6/25/14
1324,6/29/14
3872,6/29/14
7726,7/19/14
3400,5/19/14
9426,5/29/14
3848,7/7/14
4318,8/4/14
8820,5/24/14
8230,6/25/14
2432,8/5/14
5506,8/9/14
6774,7/1/14
6356,6/19/14
3560,7/10/14
9046,7/17/14
6068,7/29/14
6556,7/28/14
3708,6/9/14
1142,7/21/14
4638,8/6/14
4720,6/4/14
8848,6/5/14
4456,5/21/14
4430,6/25/14
7774,7/11/14
10034,6/14/14
5388,6/5/14
9116,6/14/14
10196,5/18/14
9280,7/24/14
8492,7/22/14
3870,6/5/14
10384,6/9/14
10350,8/12/14
9790,7/13/14
8894,7/23/14
1136,6/12/14
4002,6/17/14
9122,5/29/14
5244,6/5/14
6146,8/12/14
6542,5/22/14
2572,6/1/14
2800,7/6/14
10452,6/28/14
1114,7/25/14
8618,8/15/14
6592,6/23/14
9832,7/7/14
5790,7/17/14
1084,6/17/14
6442,7/29/14
1124,6/17/14
1892,7/1/14
9724,5/17/14
8744,5/30/14
7424,8/5/14
1904,8/13/14
7430,7/20/14
1754,7/8/14
3414,8/5/14
5152,5/19/14
7790,7/4/14
10970,7/10/14
4766,6/24/14
6566,7/21/14
7892,6/20/14
9052,7/11/14
7014,8/13/14
1414,8/5/14
3516,6/21/14
2466,6/1/14
7134,6/22/14
10904,6/30/14
4324,6/28/14
3382,7/2/14
3210,7/4/14
10992,8/4/14
8280,8/4/14
3922,7/4/14
6510,6/11/14
9760,8/2/14
9230,8/15/14
10780,6/26/14
3648,7/20/14
5830,6/26/14
6534,6/17/14
4062,7/31/14
1182,7/4/14
2928,7/21/14
8402,6/12/14
7372,6/30/14
2094,6/16/14
3048,8/6/14
3522,5/17/14
4272,6/16/14
9584,8/4/14
2130,6/6/14
6268,7/16/14
3614,6/18/14
2408,6/12/14
2076,6/26/14
6506,5/30/14
3058,6/19/14
3854,6/23/14
9960,7/29/14
3860,6/1/14
5506,8/2/14
7108,8/6/14
10342,8/11/14
7348,8/15/14
9074,6/27/14
10196,6/13/14
7282,6/15/14
4098,8/8/14
10528,5/24/14
3534,5/24/14
9144,5/28/14
2942,6/30/14
10494,8/13/14
8858,6/9/14
9146,6/11/14
5344,5/26/14
10504,6/19/14
2452,6/1/14
4580,6/12/14
6172,7/8/14
3718,6/28/14
1854,6/14/14
8704,8/13/14
4444,6/8/14
3814,6/18/14
4434,7/19/14
6944,8/1/14
7920,7/22/14
10166,7/17/14
9526,5/20/14
4268,7/26/14
2740,8/1/14
7254,8/9/14
7842,7/11/14
4706,6/13/14
1204,6/5/14
6154,7/24/14
3556,7/28/14
5690,6/21/14
1290,8/10/14
2914,6/17/14
7840,5/28/14
5228,6/28/14
1822,8/1/14
3160,5/29/14
3542,7/25/14
2902,6/19/14
4912,7/20/14
1664,8/4/14
4740,7/12/14
3514,6/21/14
7186,6/25/14
2722,5/30/14
10478,7/31/14
1842,5/31/14
6630,7/27/14
4982,6/4/14
1268,8/15/14
10014,7/8/14
2574,7/4/14
6284,7/7/14
6428,6/13/14
10012,7/13/14
3092,7/20/14
4822,6/28/14
5088,7/24/14
9894,5/22/14
6732,7/27/14
10682,7/19/14
1180,6/19/14
6796,7/19/14
8250,5/18/14
10336,5/31/14
6166,6/5/14
3532,7/4/14
9118,6/26/14
1804,8/14/14
4034,6/5/14
6192,6/6/14
3430,7/4/14
8862,7/5/14
5832,8/7/14
7782,8/1/14
1076,7/19/14
5742,6/5/14
5676,8/2/14
2716,7/24/14
8346,7/4/14
5892,6/14/14
1132,6/25/14
2324,7/2/14
9620,7/29/14
8368,6/5/14
6732,5/25/14
2942,7/18/14
6698,7/20/14
6278,7/13/14
3764,7/11/14
10158,6/22/14
5000,8/15/14
6054,6/26/14
3536,6/25/14
9876,6/14/14
2362,8/3/14
5392,6/4/14
7466,7/29/14
2168,7/31/14
3496,7/9/14
4068,7/17/14
3434,5/25/14
3066,6/15/14
5382,7/17/14
7126,5/24/14
10074,5/21/14
2192,7/28/14
7296,6/28/14
9168,7/17/14
4286,5/21/14
5816,6/10/14
5012,5/17/14
9654,6/27/14
5548,7/6/14
9104,8/1/14
2994,8/14/14
9946,6/26/14
9712,7/18/14
7486,6/24/14
7318,8/15/14
2856,5/23/14
7764,5/29/14
7394,7/13/14
3142,8/15/14
3910,5/27/14
9032,7/21/14
4316,8/4/14
2808,7/20/14
10362,6/2/14
1544,7/22/14
7184,6/4/14
1410,6/3/14
5228,6/6/14
8020,6/16/14
1996,7/31/14
9052,5/18/14
8196,7/7/14
3844,6/17/14
3472,6/12/14
8044,7/6/14
6192,7/5/14
1168,6/30/14
4826,7/30/14
6932,5/18/14
1960,8/12/14
5224,7/30/14
9126,7/22/14
6582,7/13/14
9048,6/19/14
1480,6/19/14
3718,6/29/14
9832,8/12/14
6036,8/13/14
3744,6/22/14
2750,6/24/14
9050,6/27/14
8826,8/10/14
2256,7/27/14
1816,7/3/14
3844,8/14/14
8094,7/11/14
6518,7/17/14
1672,6/30/14
8420,8/9/14
8334,7/19/14
2566,6/21/14
8286,8/3/14
6116,6/25/14
4846,7/20/14
2206,6/15/14
8126,6/30/14
4394,6/15/14
5210,6/11/14
4600,6/1/14
6226,5/30/14
10584,6/16/14
4624,5/28/14
4802,8/2/14
2146,8/2/14
8430,6/14/14
9442,6/7/14
4784,6/28/14
1140,8/7/14
10970,6/2/14
6980,7/17/14
3838,6/5/14
5274,7/30/14
7284,5/24/14
3920,7/7/14
8368,7/24/14
5810,7/5/14
5100,6/27/14
8774,6/8/14
4104,8/12/14
2546,6/16/14
2210,6/3/14
7908,6/11/14
2112,8/10/14
4516,6/30/14
1094,5/24/14
3582,6/25/14
1910,7/10/14
8432,8/9/14
5844,8/7/14
5878,7/5/14
9180,6/11/14
6082,5/24/14
9238,6/13/14
2786,6/8/14
3376,7/18/14
2502,6/18/14
8630,8/4/14
6698,7/7/14
5636,6/27/14
10404,6/5/14
10576,6/25/14
7424,6/11/14
8976,5/20/14
3382,7/13/14
9072,7/24/14
2970,5/28/14
3766,8/15/14
5212,6/21/14
5350,5/22/14
6726,6/7/14
7148,7/4/14
5420,7/4/14
3060,7/20/14
10110,5/29/14
6620,6/8/14
7702,8/11/14
6434,7/22/14
2218,5/23/14
4286,6/29/14
8520,7/11/14
6902,7/27/14
4064,8/9/14
8362,6/29/14
10524,7/5/14
8896,7/4/14
7506,8/6/14
2266,7/22/14
9012,6/30/14
9090,8/6/14
8648,6/27/14
10118,7/31/14
8632,7/22/14
9736,8/2/14
7940,5/28/14
8052,6/5/14
2592,8/15/14
10328,7/23/14
10326,7/28/14
2414,8/9/14
6954,6/18/14
3726,8/15/14
10502,8/8/14
5892,6/19/14
10152,7/18/14
1478,5/23/14
4708,6/3/14
4722,6/13/14
1422,5/28/14
5296,8/5/14
6994,7/11/14
2182,5/24/14
7148,6/5/14
8438,7/24/14
1580,8/11/14
8176,8/15/14
3732,6/16/14
8178,7/23/14
9874,6/30/14
6506,7/4/14
3844,5/19/14
4436,6/1/14
1250,6/18/14
9136,8/12/14
4660,7/24/14
3438,8/15/14
8958,6/23/14
6672,8/10/14
8728,7/3/14
10814,8/6/14
5382,6/15/14
8196,5/26/14
9744,8/15/14
2540,8/12/14
1328,8/7/14
10310,6/6/14
3160,6/21/14
2394,7/14/14
5278,7/19/14
9978,5/26/14
4192,7/10/14
9148,8/8/14
6728,7/2/14
6480,7/14/14
9098,6/25/14
10228,6/29/14
6850,7/9/14
6580,7/19/14
10550,6/27/14
7982,7/30/14
2092,7/22/14
1330,6/9/14
7652,7/22/14
9470,7/21/14
9890,6/1/14
3082,6/22/14
1286,6/20/14
8900,8/15/14
8712,7/24/14
6142,6/24/14
7976,7/3/14
3692,8/7/14
9080,7/15/14
7018,7/17/14
1682,5/19/14
2584,7/30/14
1922,7/5/14
5980,6/5/14
1370,5/23/14
4900,6/2/14
3112,7/7/14
7028,6/16/14
10874,7/25/14
2660,6/26/14
8592,6/5/14
5148,7/19/14
10860,6/24/14
7830,8/4/14
7960,7/1/14
10444,8/11/14
7356,7/1/14
7310,8/11/14
5260,7/5/14
3266,6/1/14
5842,8/3/14
6340,8/12/14
10904,8/2/14
3232,6/4/14
3472,8/7/14
7980,7/7/14
5150,6/16/14
2824,5/28/14
1436,6/8/14
2476,6/13/14
1648,6/11/14
5410,8/2/14
5818,5/30/14
9796,6/5/14
3706,6/25/14
10688,7/25/14
4254,6/27/14
7526,6/29/14
8520,8/15/14
1714,5/19/14
3766,7/31/14
10082,8/12/14
8808,6/22/14
1386,8/7/14
6616,8/7/14
6140,6/13/14
2928,7/18/14
2206,7/16/14
2360,6/6/14
1804,6/10/14
6038,6/4/14
4130,6/20/14
2452,7/11/14
5816,7/25/14
8292,7/19/14
1022,5/25/14
9308,6/23/14
3510,8/10/14
6172,8/3/14
2246,6/29/14
5534,6/17/14
1006,5/23/14
3272,6/9/14
9780,7/29/14
1482,6/15/14
9662,6/25/14
6990,5/20/14
8044,7/17/14
5104,8/1/14
5206,8/5/14
7030,7/20/14
4956,7/27/14
3024,7/4/14
8030,8/8/14
2014,5/31/14
8640,6/5/14
9950,6/4/14
2288,7/3/14
7354,5/24/14
8524,8/11/14
3782,8/2/14
10500,8/9/14
1082,5/25/14
10726,8/14/14
7024,7/22/14
3516,5/25/14
5644,5/22/14
2186,6/16/14
9090,6/3/14
5042,6/26/14
5696,7/29/14
6232,6/13/14
10274,7/21/14
2950,7/16/14
9038,8/8/14
7468,7/6/14
10390,7/22/14
7426,6/14/14
10500,7/17/14
8118,7/21/14
10648,6/7/14
7634,8/4/14
3424,7/31/14
10324,6/27/14
1604,6/25/14
4418,6/29/14
3974,7/7/14
5582,7/11/14
3056,8/9/14
6646,6/15/14
10498,7/28/14
5796,7/24/14
3740,5/20/14
9158,7/1/14
4698,8/6/14
1052,6/5/14
3148,7/25/14
10726,6/23/14
7854,6/13/14
1252,5/18/14
4586,7/24/14
7666,8/6/14
9948,8/9/14
5832,7/6/14
1174,6/11/14
10810,8/8/14
4194,6/22/14
4396,5/30/14
9572,5/20/14
4542,7/31/14
9642,6/1/14
5218,7/17/14
6994,7/10/14
4948,8/15/14
1564,7/8/14
5906,6/21/14
2098,5/20/14
1930,7/24/14
7332,5/28/14
2818,7/3/14
3688,7/1/14
7178,7/19/14
4888,7/13/14
6142,6/16/14
9548,7/2/14
5886,7/9/14
6458,7/5/14
3782,6/21/14
2348,6/30/14
9352,8/12/14
1902,7/4/14
6168,7/30/14
4322,7/31/14
8300,5/26/14
7964,8/2/14
9232,7/30/14
10978,8/13/14
2950,7/2/14
2212,7/30/14
9776,8/10/14
1540,6/16/14
8362,6/22/14
4728,8/2/14
7448,6/7/14
2064,7/2/14
9402,6/26/14
8700,5/30/14
6860,5/19/14
6648,7/14/14
10762,8/14/14
3846,8/3/14
3644,8/6/14
9050,7/11/14
9312,5/30/14
2620,5/23/14
2998,6/26/14
10448,7/28/14
7844,7/28/14
8940,7/26/14
3042,6/12/14
1846,7/9/14
4606,5/30/14
9662,6/6/14
6088,5/30/14
6516,5/31/14
1060,7/8/14
9962,7/3/14
9154,5/18/14
5680,8/10/14
5334,8/10/14
8178,5/24/14
1562,8/11/14
5928,8/15/14
5074,5/24/14
3150,6/23/14
7854,7/8/14
10632,7/13/14
3360,6/4/14
7980,6/25/14
1176,8/13/14
1918,6/19/14
10870,8/8/14
10332,6/28/14
1104,5/30/14
7624,6/10/14
10934,7/5/14
2414,6/6/14
6706,7/30/14
9404,5/22/14
10494,7/21/14
2546,7/22/14
10670,7/18/14
3314,8/15/14
3308,6/5/14
7808,6/26/14
2806,5/17/14
6360,6/11/14
10424,7/11/14
4396,6/29/14
8884,5/18/14
9724,7/7/14
1756,8/1/14
1144,7/24/14
10920,5/21/14
2348,5/22/14
4590,5/31/14
6518,7/11/14
4392,8/10/14
8932,7/28/14
3942,8/7/14
5868,8/1/14
8234,7/13/14
7466,6/23/14
5970,8/12/14
8788,8/15/14
7454,7/17/14
5262,6/2/14
2400,5/27/14
8840,7/2/14
5268,7/18/14
4060,6/5/14
9436,6/7/14
3534,6/27/14
5234,8/2/14
2472,8/12/14
9160,8/15/14
7184,5/20/14
1708,7/3/14
5270,7/9/14
7820,7/13/14
7314,7/10/14
3114,6/21/14
4960,8/10/14
3458,7/11/14
4138,6/22/14
6098,7/28/14
8890,6/30/14
2048,7/11/14
8484,8/9/14
9800,6/29/14
5716,7/23/14
7684,6/25/14
7902,7/1/14
4140,7/2/14
2454,8/5/14
7650,6/14/14
6892,8/1/14
5532,5/28/14
9688,5/24/14
7008,8/7/14
9418,5/28/14
8238,7/23/14
2354,7/20/14
1452,7/19/14
5872,6/4/14
7316,6/19/14
5474,7/25/14
10756,7/18/14
1254,5/27/14
7624,7/18/14
9068,6/20/14
4728,6/26/14
6248,7/20/14
1530,6/27/14
4494,6/5/14
8350,6/28/14
4448,7/3/14
9836,7/18/14
4772,6/28/14
3672,6/20/14
7468,8/2/14
7944,7/8/14
1760,8/12/14
5208,6/8/14
1858,8/5/14
9932,6/28/14
9064,7/23/14
7898,6/13/14
5904,8/14/14
8114,5/26/14
5920,6/29/14
8460,6/27/14
2068,8/11/14
10036,8/7/14
1140,5/24/14
3204,7/12/14
4552,8/1/14
2810,6/19/14
3072,6/25/14
5780,5/20/14
7902,6/21/14
6438,6/27/14
7704,8/1/14
9830,7/9/14
10786,8/14/14
5954,7/10/14
8256,6/10/14
9818,8/6/14
9652,7/25/14
8998,5/20/14
6464,7/26/14
3096,6/23/14
8608,7/11/14
10390,5/29/14
4516,7/11/14
2642,6/29/14
1696,6/22/14
8310,6/24/14
7376,5/23/14
1676,7/21/14
9848,6/27/14
2654,6/27/14
8632,6/4/14
6408,8/5/14
8712,7/27/14
2944,7/25/14
1634,8/14/14
10810,8/11/14
5310,7/2/14
5288,7/4/14
9050,7/5/14
10800,6/1/14
9034,7/4/14
9396,8/6/14
10208,5/21/14
4164,5/17/14
3140,7/6/14
10458,8/1/14
1908,5/28/14
7798,8/4/14
8036,7/16/14
6216,6/26/14
6970,6/20/14
8738,8/15/14
5228,7/2/14
7566,7/15/14
3096,6/16/14
8314,7/4/14
8094,7/27/14
2054,6/11/14
3466,8/7/14
6028,7/24/14
7558,6/26/14
4630,7/7/14
9522,8/5/14
1944,7/18/14
10804,7/22/14
1246,7/13/14
4748,8/4/14
5206,8/12/14
7556,6/15/14
2006,6/28/14
8830,8/13/14
6762,5/17/14
10464,6/29/14
5372,6/4/14
4932,6/4/14
8124,6/12/14
8468,8/7/14
7118,7/21/14
7436,6/17/14
10702,7/25/14
10512,6/29/14
8976,6/4/14
6194,5/21/14
3884,6/21/14
2928,6/24/14
7452,5/29/14
10444,7/9/14
2494,5/27/14
1528,6/24/14
10240,6/29/14
8772,6/3/14
3870,7/29/14
9956,6/27/14
10222,6/5/14
4718,6/6/14
2806,8/2/14
6928,6/3/14
7504,6/12/14
7126,7/31/14
1942,6/6/14
3930,7/11/14
3934,5/17/14
8064,6/13/14
6548,5/28/14
9046,5/22/14
2408,8/7/14
8446,6/12/14
5210,8/10/14
1792,6/20/14
2998,7/18/14
7716,8/3/14
6356,6/29/14
1570,8/2/14
2276,8/9/14
5818,5/31/14
4714,5/21/14
1516,7/19/14
5974,7/2/14
4992,8/8/14
3258,6/22/14
3336,7/1/14
1124,6/20/14
8562,5/25/14
4876,6/15/14
2460,8/12/14
9286,6/26/14
7324,8/12/14
6538,6/1/14
4856,7/26/14
2964,7/10/14
10152,6/4/14
9582,7/17/14
2608,6/20/14
9596,8/15/14